session_id,trial_id,repetition,label,window_id,mav,rms,waveform_length,zero_crossings
20260914_152131_483879,1,1,PALM_DOWN,0,20.301599999999997,23.749728419499874,2770.0,46
20260914_152131_483879,1,1,PALM_DOWN,1,20.889499999999995,24.279505246194784,2606.0,43
20260914_152131_483879,1,1,PALM_DOWN,2,19.045299999999994,22.87561802443816,2799.0,53
20260914_152131_483879,1,1,PALM_DOWN,3,18.5463,21.016657679088745,2190.0,43
20260914_152131_483879,1,1,PALM_DOWN,4,21.462300000000006,24.8681543344093,3005.0,44
20260914_152131_483879,1,1,PALM_DOWN,5,19.071649999999998,21.424583426521973,2359.0,43
20260914_152131_483879,1,1,PALM_DOWN,6,17.28459999999999,19.52728795813694,2512.0,60
20260914_152131_483879,1,1,PALM_DOWN,7,15.363800000000017,17.523994978314732,1771.0,40
20260914_152131_483879,1,1,PALM_DOWN,8,19.907600000000002,22.414186913649132,2191.0,38
20260914_152131_483879,1,1,PALM_DOWN,9,19.130600000000005,22.5323855816467,2784.0,48
20260914_152131_483879,1,1,PALM_DOWN,10,18.005,21.47370485035128,2461.0,45
20260914_152131_483879,1,1,PALM_DOWN,11,17.123749999999994,19.417759268257498,2032.0,36
20260914_152131_483879,1,1,PALM_DOWN,12,15.76400000000001,17.946877165679826,2135.0,47
20260914_152131_483879,1,1,PALM_DOWN,13,15.53875,17.777355680752972,2170.0,47
20260914_152131_483879,1,1,PALM_DOWN,14,15.38125,17.457645173390368,2154.0,60
20260914_152131_483879,2,1,COMBINED_FLEX,0,57.16825000000001,71.52804187869258,11094.0,57
20260914_152131_483879,2,1,COMBINED_FLEX,1,53.15774999999999,64.52677254442531,9938.0,67
20260914_152131_483879,2,1,COMBINED_FLEX,2,58.4908,70.497851740319,10632.0,60
20260914_152131_483879,2,1,COMBINED_FLEX,3,50.1271,62.64116138770098,8894.0,59
20260914_152131_483879,2,1,COMBINED_FLEX,4,52.85959999999999,67.89943740562215,9968.0,61
20260914_152131_483879,2,1,COMBINED_FLEX,5,59.431450000000005,74.54085440213306,10988.0,66
20260914_152131_483879,2,1,COMBINED_FLEX,6,48.75804999999998,61.91372848569209,8980.0,58
20260914_152131_483879,2,1,COMBINED_FLEX,7,49.3864,60.3471521697586,8108.0,50
20260914_152131_483879,2,1,COMBINED_FLEX,8,50.8662,66.32003543424868,8857.0,56
20260914_152131_483879,2,1,COMBINED_FLEX,9,50.78560000000002,65.99186010410678,8185.0,52
20260914_152131_483879,2,1,COMBINED_FLEX,10,57.313649999999996,70.90382905739294,9675.0,59
20260914_152131_483879,2,1,COMBINED_FLEX,11,59.8496,75.77571114809811,9342.0,51
20260914_152131_483879,2,1,COMBINED_FLEX,12,50.0168,63.83779758105695,8845.0,60
20260914_152131_483879,2,1,COMBINED_FLEX,13,46.9812,57.13682175270165,7129.0,43
20260914_152131_483879,2,1,COMBINED_FLEX,14,47.30920000000001,58.31033870592761,7720.0,49
20260914_152131_483879,3,1,FIST,0,18.995750000000026,23.0312391112593,2191.0,37
20260914_152131_483879,3,1,FIST,1,14.142700000000039,18.855818730566966,1884.0,34
20260914_152131_483879,3,1,FIST,2,16.793199999999963,20.838195699244213,1890.0,28
20260914_152131_483879,3,1,FIST,3,13.425250000000032,17.16225436823496,1946.0,38
20260914_152131_483879,3,1,FIST,4,14.838499999999996,18.092537135515297,1946.0,41
20260914_152131_483879,3,1,FIST,5,10.882499999999972,15.527903110207765,1810.0,39
20260914_152131_483879,3,1,FIST,6,15.899400000000014,19.65116790422391,1827.0,32
20260914_152131_483879,3,1,FIST,7,14.862700000000043,18.857038473737067,1837.0,33
20260914_152131_483879,3,1,FIST,8,13.671500000000032,17.86368103163511,1989.0,39
20260914_152131_483879,3,1,FIST,9,18.054999999999968,21.64208862379045,2071.0,32
20260914_152131_483879,3,1,FIST,10,15.035,19.8706913568703,2207.0,48
20260914_152131_483879,3,1,FIST,11,15.940400000000036,19.932630910143295,2381.0,46
20260914_152131_483879,3,1,FIST,12,17.727000000000043,23.324557337707397,2463.0,37
20260914_152131_483879,3,1,FIST,13,14.29699999999999,18.692805434177078,2169.0,47
20260914_152131_483879,3,1,FIST,14,14.953100000000028,19.713877726109594,2215.0,41
20260914_152131_483879,4,1,OPEN_HAND,0,2.800199999999968,3.559462740358438,427.0,20
20260914_152131_483879,4,1,OPEN_HAND,1,3.014999999999984,4.028349537962166,566.0,31
20260914_152131_483879,4,1,OPEN_HAND,2,3.4597499999999717,4.818648669492309,607.0,34
20260914_152131_483879,4,1,OPEN_HAND,3,2.979600000000005,4.261408217948616,661.0,31
20260914_152131_483879,4,1,OPEN_HAND,4,3.03199999999998,4.009335979934832,633.0,32
20260914_152131_483879,4,1,OPEN_HAND,5,2.49549999999997,3.1028212968200406,473.0,32
20260914_152131_483879,4,1,OPEN_HAND,6,3.3491999999999824,4.521183473383933,639.0,37
20260914_152131_483879,4,1,OPEN_HAND,7,2.9033999999999787,3.753917953285607,580.0,39
20260914_152131_483879,4,1,OPEN_HAND,8,3.064100000000021,3.900483944333062,525.0,32
20260914_152131_483879,4,1,OPEN_HAND,9,3.0800499999999875,3.8079883140576993,544.0,38
20260914_152131_483879,4,1,OPEN_HAND,10,2.8479999999999834,3.5474497882281577,553.0,37
20260914_152131_483879,4,1,OPEN_HAND,11,3.227599999999984,4.824976683881488,695.0,40
20260914_152131_483879,4,1,OPEN_HAND,12,3.3514499999999954,4.1076483539855255,639.0,37
20260914_152131_483879,4,1,OPEN_HAND,13,3.571649999999995,4.492101401348816,593.0,38
20260914_152131_483879,4,1,OPEN_HAND,14,3.161000000000008,3.9303307748839664,635.0,45
20260914_152131_483879,5,2,OPEN_HAND,0,5.2098999999999975,7.389179589101892,1042.0,52
20260914_152131_483879,5,2,OPEN_HAND,1,4.918000000000002,6.146543744251724,1044.0,66
20260914_152131_483879,5,2,OPEN_HAND,2,5.197999999999997,7.111371175800064,1089.0,65
20260914_152131_483879,5,2,OPEN_HAND,3,5.614250000000002,12.377106891353892,1491.0,70
20260914_152131_483879,5,2,OPEN_HAND,4,4.805999999999995,5.773768266912,1128.0,83
20260914_152131_483879,5,2,OPEN_HAND,5,6.114000000000005,9.08759456622048,1389.0,65
20260914_152131_483879,5,2,OPEN_HAND,6,5.99,13.439494038095333,1476.0,58
20260914_152131_483879,5,2,OPEN_HAND,7,5.142950000000001,7.9889282760580596,1183.0,61
20260914_152131_483879,5,2,OPEN_HAND,8,4.634549999999999,5.346304798643638,889.0,53
20260914_152131_483879,5,2,OPEN_HAND,9,5.657399999999998,12.534391688470565,1500.0,66
20260914_152131_483879,5,2,OPEN_HAND,10,5.656250000000003,8.458390804402455,1306.0,62
20260914_152131_483879,5,2,OPEN_HAND,11,6.023499999999999,10.76649896670222,1424.0,58
20260914_152131_483879,5,2,OPEN_HAND,12,5.355,7.2785146149472,1060.0,53
20260914_152131_483879,5,2,OPEN_HAND,13,5.058600000000001,7.390879514645061,1044.0,47
20260914_152131_483879,5,2,OPEN_HAND,14,5.1375,7.772869483015908,1074.0,63
20260914_152131_483879,6,2,COMBINED_FLEX,0,36.5388,48.72215512474792,6896.0,57
20260914_152131_483879,6,2,COMBINED_FLEX,1,44.37075000000001,57.4825136454557,8329.0,58
20260914_152131_483879,6,2,COMBINED_FLEX,2,43.1356,54.53368133548294,8096.0,57
20260914_152131_483879,6,2,COMBINED_FLEX,3,45.976949999999995,63.45933323790914,8091.0,54
20260914_152131_483879,6,2,COMBINED_FLEX,4,52.75245000000001,65.994416241073,8613.0,50
20260914_152131_483879,6,2,COMBINED_FLEX,5,43.71750000000001,56.77635401291633,7190.0,52
20260914_152131_483879,6,2,COMBINED_FLEX,6,29.090799999999998,40.84258929108192,5540.0,66
20260914_152131_483879,6,2,COMBINED_FLEX,7,28.0664,38.539283854270046,5558.0,62
20260914_152131_483879,6,2,COMBINED_FLEX,8,31.250800000000005,42.29181481090638,5731.0,61
20260914_152131_483879,6,2,COMBINED_FLEX,9,35.7217,47.01046585601976,6720.0,53
20260914_152131_483879,6,2,COMBINED_FLEX,10,26.815,35.20610422923843,4396.0,50
20260914_152131_483879,6,2,COMBINED_FLEX,11,35.0045,44.85090746016183,6457.0,60
20260914_152131_483879,6,2,COMBINED_FLEX,12,31.997800000000005,42.86599001539565,5659.0,56
20260914_152131_483879,6,2,COMBINED_FLEX,13,31.95755000000002,41.858747890972566,5646.0,54
20260914_152131_483879,6,2,COMBINED_FLEX,14,29.789599999999993,40.67263330545491,6038.0,64
20260914_152131_483879,7,2,FIST,0,11.750499999999995,16.595104699880626,1899.0,33
20260914_152131_483879,7,2,FIST,1,8.11459999999999,11.952822888338972,1614.0,36
20260914_152131_483879,7,2,FIST,2,7.837600000000002,11.499495641114006,1545.0,39
20260914_152131_483879,7,2,FIST,3,13.625049999999995,18.330951284644232,1890.0,37
20260914_152131_483879,7,2,FIST,4,16.556200000000008,21.577413538234836,2229.0,33
20260914_152131_483879,7,2,FIST,5,14.2866,19.504143149597727,1878.0,34
20260914_152131_483879,7,2,FIST,6,12.135,17.817389679748267,1948.0,44
20260914_152131_483879,7,2,FIST,7,17.64,23.790321036085242,2697.0,36
20260914_152131_483879,7,2,FIST,8,12.1504,16.748429777146274,2040.0,34
20260914_152131_483879,7,2,FIST,9,12.091599999999998,17.070395425999948,1884.0,36
20260914_152131_483879,7,2,FIST,10,11.875849999999998,15.563160829343119,1988.0,46
20260914_152131_483879,7,2,FIST,11,12.15829999999999,15.751606267298584,1790.0,40
20260914_152131_483879,7,2,FIST,12,14.5512,19.212212261996275,2124.0,44
20260914_152131_483879,7,2,FIST,13,15.036799999999998,19.890238812040444,2051.0,37
20260914_152131_483879,7,2,FIST,14,14.470999999999993,20.299261070295145,2225.0,39
20260914_152131_483879,8,2,PALM_DOWN,0,13.803300000000002,17.770196960078973,2559.0,59
20260914_152131_483879,8,2,PALM_DOWN,1,13.05,16.238765347156168,1927.0,47
20260914_152131_483879,8,2,PALM_DOWN,2,12.501499999999988,17.516831191742416,2348.0,52
20260914_152131_483879,8,2,PALM_DOWN,3,13.783000000000001,20.05511156787715,2513.0,52
20260914_152131_483879,8,2,PALM_DOWN,4,11.2251,15.840451382457509,2315.0,62
20260914_152131_483879,8,2,PALM_DOWN,5,13.983199999999997,22.117029072639934,2747.0,50
20260914_152131_483879,8,2,PALM_DOWN,6,12.912899999999995,21.4504988286986,3403.0,67
20260914_152131_483879,8,2,PALM_DOWN,7,8.23959999999999,14.334768920355849,2088.0,63
20260914_152131_483879,8,2,PALM_DOWN,8,6.153599999999996,8.33436260310289,1264.0,56
20260914_152131_483879,8,2,PALM_DOWN,9,8.043749999999998,10.082875333951124,1431.0,50
20260914_152131_483879,8,2,PALM_DOWN,10,16.675,28.94187234786305,2381.0,54
20260914_152131_483879,8,2,PALM_DOWN,11,15.764799999999996,22.671849836305814,2458.0,50
20260914_152131_483879,8,2,PALM_DOWN,12,16.5176,22.21292191495752,2764.0,46
20260914_152131_483879,8,2,PALM_DOWN,13,12.693099999999994,16.652410486172865,2169.0,53
20260914_152131_483879,8,2,PALM_DOWN,14,17.726399999999995,23.85945514885032,2918.0,47
20260914_152131_483879,9,3,COMBINED_FLEX,0,42.368199999999995,55.65247164322533,7217.0,54
20260914_152131_483879,9,3,COMBINED_FLEX,1,38.426,52.09769668612999,7161.0,56
20260914_152131_483879,9,3,COMBINED_FLEX,2,43.26379999999999,56.83044760513504,7728.0,64
20260914_152131_483879,9,3,COMBINED_FLEX,3,31.5904,43.0737553505612,5600.0,57
20260914_152131_483879,9,3,COMBINED_FLEX,4,49.210699999999996,67.04840620775411,9137.0,54
20260914_152131_483879,9,3,COMBINED_FLEX,5,40.377399999999994,52.726303682317806,8358.0,70
20260914_152131_483879,9,3,COMBINED_FLEX,6,42.1488,53.8574006056735,7159.0,54
20260914_152131_483879,9,3,COMBINED_FLEX,7,40.894099999999995,53.4917729655692,7337.0,56
20260914_152131_483879,9,3,COMBINED_FLEX,8,37.06630000000001,49.34590940493447,6634.0,54
20260914_152131_483879,9,3,COMBINED_FLEX,9,34.79715,44.5864191766955,5743.0,51
20260914_152131_483879,9,3,COMBINED_FLEX,10,29.201099999999997,39.65013366938376,4397.0,49
20260914_152131_483879,9,3,COMBINED_FLEX,11,24.578050000000005,32.436121454329275,4123.0,54
20260914_152131_483879,9,3,COMBINED_FLEX,12,33.2705,43.89193433878256,5214.0,53
20260914_152131_483879,9,3,COMBINED_FLEX,13,26.3296,33.80247919901734,4407.0,57
20260914_152131_483879,9,3,COMBINED_FLEX,14,24.72959999999999,31.963152222520232,3944.0,56
20260914_152131_483879,10,3,PALM_DOWN,0,18.453799999999994,29.299563136674923,2732.0,36
20260914_152131_483879,10,3,PALM_DOWN,1,50.19745000000001,101.77997727942368,9993.0,49
20260914_152131_483879,10,3,PALM_DOWN,2,50.22624999999999,104.6739670357439,10815.0,68
20260914_152131_483879,10,3,PALM_DOWN,3,15.61,24.88533704814946,2401.0,36
20260914_152131_483879,10,3,PALM_DOWN,4,35.14940000000001,58.294205543947506,4552.0,42
20260914_152131_483879,10,3,PALM_DOWN,5,15.3868,22.238740971556823,2346.0,39
20260914_152131_483879,10,3,PALM_DOWN,6,12.251999999999999,14.269526095844949,1438.0,31
20260914_152131_483879,10,3,PALM_DOWN,7,13.31875,16.77600593109099,1888.0,39
20260914_152131_483879,10,3,PALM_DOWN,8,13.1693,15.578032610057022,1751.0,36
20260914_152131_483879,10,3,PALM_DOWN,9,17.212000000000007,23.246505113672463,2107.0,30
20260914_152131_483879,10,3,PALM_DOWN,10,18.91,23.638686511733262,2295.0,34
20260914_152131_483879,10,3,PALM_DOWN,11,13.8765,16.906729429431348,1971.0,41
20260914_152131_483879,10,3,PALM_DOWN,12,16.468000000000004,20.608190119464638,2425.0,44
20260914_152131_483879,10,3,PALM_DOWN,13,14.35,18.538727032889827,2038.0,46
20260914_152131_483879,10,3,PALM_DOWN,14,16.795,20.89196915084837,2131.0,36
20260914_152131_483879,11,3,FIST,0,17.295600000000004,21.30316349747145,2208.0,34
20260914_152131_483879,11,3,FIST,1,16.698249999999994,21.226186068156473,2256.0,39
20260914_152131_483879,11,3,FIST,2,22.442699999999995,29.915967308445833,2992.0,44
20260914_152131_483879,11,3,FIST,3,17.826400000000003,23.714797068497127,2414.0,42
20260914_152131_483879,11,3,FIST,4,17.01665,21.512270335787434,2293.0,38
20260914_152131_483879,11,3,FIST,5,12.551500000000006,16.68725187081444,2002.0,42
20260914_152131_483879,11,3,FIST,6,14.577749999999996,19.29165557955045,2581.0,53
20260914_152131_483879,11,3,FIST,7,13.893899999999999,17.038983977925444,2066.0,47
20260914_152131_483879,11,3,FIST,8,18.265,25.315682392540793,2688.0,42
20260914_152131_483879,11,3,FIST,9,15.255,18.893437352689425,2010.0,34
20260914_152131_483879,11,3,FIST,10,14.459000000000001,17.54187846269606,1659.0,22
20260914_152131_483879,11,3,FIST,11,11.745,14.768208252865342,1784.0,46
20260914_152131_483879,11,3,FIST,12,11.456900000000001,14.19415020351694,1677.0,43
20260914_152131_483879,11,3,FIST,13,18.09,21.80848458742606,2181.0,36
20260914_152131_483879,11,3,FIST,14,19.307549999999992,24.587658997960748,2516.0,35
20260914_152131_483879,12,3,OPEN_HAND,0,10.433200000000001,13.223524492358306,1564.0,38
20260914_152131_483879,12,3,OPEN_HAND,1,10.074600000000006,12.529640856784365,1673.0,38
20260914_152131_483879,12,3,OPEN_HAND,2,9.9159,12.602300385247132,1508.0,40
20260914_152131_483879,12,3,OPEN_HAND,3,9.814799999999996,12.499710996659083,1533.0,40
20260914_152131_483879,12,3,OPEN_HAND,4,9.131999999999998,11.338871196022998,1503.0,38
20260914_152131_483879,12,3,OPEN_HAND,5,10.3729,19.08889467727244,2169.0,45
20260914_152131_483879,12,3,OPEN_HAND,6,10.244499999999999,12.793137808997447,1860.0,45
20260914_152131_483879,12,3,OPEN_HAND,7,11.279250000000015,18.566215958024404,1913.0,36
20260914_152131_483879,12,3,OPEN_HAND,8,10.103599999999997,16.047488900136372,1891.0,49
20260914_152131_483879,12,3,OPEN_HAND,9,9.231799999999998,11.201870379539303,1274.0,38
20260914_152131_483879,12,3,OPEN_HAND,10,9.511000000000003,12.088254630011729,1567.0,43
20260914_152131_483879,12,3,OPEN_HAND,11,9.6981,12.289585021472451,1711.0,52
20260914_152131_483879,12,3,OPEN_HAND,12,10.573099999999993,14.066694707712967,1888.0,45
20260914_152131_483879,12,3,OPEN_HAND,13,10.423999999999996,18.16060296355823,2037.0,43
20260914_152131_483879,12,3,OPEN_HAND,14,9.708450000000001,14.570380056813892,1880.0,40
20260914_152131_483879,13,4,OPEN_HAND,0,9.362600000000002,11.313969241605706,1409.0,33
20260914_152131_483879,13,4,OPEN_HAND,1,9.2086,11.491958057702787,1334.0,26
20260914_152131_483879,13,4,OPEN_HAND,2,9.409249999999997,11.794311128675554,1381.0,27
20260914_152131_483879,13,4,OPEN_HAND,3,9.95010000000001,12.144624325190138,1416.0,30
20260914_152131_483879,13,4,OPEN_HAND,4,8.728800000000001,10.631067679212657,1474.0,34
20260914_152131_483879,13,4,OPEN_HAND,5,8.916499999999992,10.701752192982232,1463.0,48
20260914_152131_483879,13,4,OPEN_HAND,6,9.255199999999995,11.404314972851285,1437.0,34
20260914_152131_483879,13,4,OPEN_HAND,7,9.018300000000004,11.057665892945039,1366.0,25
20260914_152131_483879,13,4,OPEN_HAND,8,8.924350000000011,11.258862065057908,1400.0,36
20260914_152131_483879,13,4,OPEN_HAND,9,8.742100000000015,10.932738677934271,1352.0,34
20260914_152131_483879,13,4,OPEN_HAND,10,8.4902,10.806012215428964,1328.0,23
20260914_152131_483879,13,4,OPEN_HAND,11,8.445700000000002,10.432208538943227,1263.0,29
20260914_152131_483879,13,4,OPEN_HAND,12,8.829950000000002,10.505797209160283,1290.0,30
20260914_152131_483879,13,4,OPEN_HAND,13,8.589400000000005,10.591127182694013,1348.0,31
20260914_152131_483879,13,4,OPEN_HAND,14,8.875399999999999,10.77483642567255,1254.0,29
20260914_152131_483879,14,4,PALM_DOWN,0,17.0575,20.637041939192738,1904.0,29
20260914_152131_483879,14,4,PALM_DOWN,1,22.851,27.491407748603926,2681.0,33
20260914_152131_483879,14,4,PALM_DOWN,2,20.026799999999998,24.6100467289276,2080.0,37
20260914_152131_483879,14,4,PALM_DOWN,3,22.413499999999996,27.263975773903557,2306.0,28
20260914_152131_483879,14,4,PALM_DOWN,4,21.5997,25.8595200071463,2237.0,31
20260914_152131_483879,14,4,PALM_DOWN,5,22.2709,26.8656467444951,2381.0,28
20260914_152131_483879,14,4,PALM_DOWN,6,21.299000000000007,25.441650889830242,2153.0,27
20260914_152131_483879,14,4,PALM_DOWN,7,21.613000000000003,25.630792028339663,2150.0,31
20260914_152131_483879,14,4,PALM_DOWN,8,18.8305,22.89729023268911,2066.0,29
20260914_152131_483879,14,4,PALM_DOWN,9,21.888,26.553613690042265,2501.0,28
20260914_152131_483879,14,4,PALM_DOWN,10,20.5181,24.25745040188684,2295.0,28
20260914_152131_483879,14,4,PALM_DOWN,11,19.117199999999997,23.365581524969585,2168.0,27
20260914_152131_483879,14,4,PALM_DOWN,12,21.8416,26.354574555473285,2418.0,28
20260914_152131_483879,14,4,PALM_DOWN,13,19.661600000000007,23.281580165444097,2556.0,40
20260914_152131_483879,14,4,PALM_DOWN,14,19.9181,24.092653963397225,2459.0,33
20260914_152131_483879,15,4,COMBINED_FLEX,0,62.227999999999994,76.94465543492933,10067.0,56
20260914_152131_483879,15,4,COMBINED_FLEX,1,50.590100000000014,66.83433174649089,11186.0,74
20260914_152131_483879,15,4,COMBINED_FLEX,2,53.505,69.88124193945039,9830.0,59
20260914_152131_483879,15,4,COMBINED_FLEX,3,56.912650000000006,75.6229315419602,10791.0,57
20260914_152131_483879,15,4,COMBINED_FLEX,4,51.7616,66.23366043787706,10674.0,65
20260914_152131_483879,15,4,COMBINED_FLEX,5,47.2019,60.20094600585609,9749.0,71
20260914_152131_483879,15,4,COMBINED_FLEX,6,52.54,67.89631801504409,10295.0,66
20260914_152131_483879,15,4,COMBINED_FLEX,7,50.1645,62.54028701565096,9730.0,68
20260914_152131_483879,15,4,COMBINED_FLEX,8,52.96289999999999,70.19425742181478,9767.0,63
20260914_152131_483879,15,4,COMBINED_FLEX,9,41.4112,52.0558507758734,7785.0,64
20260914_152131_483879,15,4,COMBINED_FLEX,10,46.8851,58.75023382932191,8760.0,56
20260914_152131_483879,15,4,COMBINED_FLEX,11,70.53725,90.44275966046149,13262.0,64
20260914_152131_483879,15,4,COMBINED_FLEX,12,51.8437,66.85402586980085,9182.0,56
20260914_152131_483879,15,4,COMBINED_FLEX,13,63.589800000000004,82.01914654518175,11179.0,57
20260914_152131_483879,15,4,COMBINED_FLEX,14,57.308,73.6065044680156,10906.0,63
20260914_152131_483879,16,4,FIST,0,12.245649999999996,15.284887143842443,1648.0,41
20260914_152131_483879,16,4,FIST,1,14.051999999999994,18.651273414970895,1888.0,33
20260914_152131_483879,16,4,FIST,2,15.674849999999998,19.319031419820195,1980.0,38
20260914_152131_483879,16,4,FIST,3,12.725600000000004,15.75025079165408,1741.0,39
20260914_152131_483879,16,4,FIST,4,12.7957,15.875134645098289,1731.0,37
20260914_152131_483879,16,4,FIST,5,11.198250000000003,14.138400722854053,1566.0,39
20260914_152131_483879,16,4,FIST,6,12.646500000000005,16.419980968320274,1515.0,32
20260914_152131_483879,16,4,FIST,7,13.329599999999992,16.241092943518304,1616.0,36
20260914_152131_483879,16,4,FIST,8,11.442549999999994,13.77595640962906,1486.0,37
20260914_152131_483879,16,4,FIST,9,10.822050000000004,13.839103114002727,1427.0,36
20260914_152131_483879,16,4,FIST,10,13.917199999999994,17.95533068478551,1791.0,34
20260914_152131_483879,16,4,FIST,11,11.802800000000001,13.755013631400006,1328.0,23
20260914_152131_483879,16,4,FIST,12,11.505600000000014,14.478021273640953,1507.0,25
20260914_152131_483879,16,4,FIST,13,11.322250000000002,14.268355721666039,1565.0,33
20260914_152131_483879,16,4,FIST,14,12.662999999999997,16.042727324242595,1628.0,37
20260914_152131_483879,17,5,COMBINED_FLEX,0,42.464349999999996,55.2252548658673,7334.0,55
20260914_152131_483879,17,5,COMBINED_FLEX,1,47.425650000000005,60.79875636063619,7490.0,48
20260914_152131_483879,17,5,COMBINED_FLEX,2,49.8741,68.24699187510025,9351.0,63
20260914_152131_483879,17,5,COMBINED_FLEX,3,49.2688,61.07594432344047,7980.0,51
20260914_152131_483879,17,5,COMBINED_FLEX,4,45.201649999999994,60.22832203374091,8011.0,62
20260914_152131_483879,17,5,COMBINED_FLEX,5,52.64149999999999,67.79902488236833,8585.0,49
20260914_152131_483879,17,5,COMBINED_FLEX,6,50.5265,63.55278986795151,8611.0,55
20260914_152131_483879,17,5,COMBINED_FLEX,7,49.148799999999994,64.9354325464919,9006.0,66
20260914_152131_483879,17,5,COMBINED_FLEX,8,49.335,66.14987509436432,8175.0,56
20260914_152131_483879,17,5,COMBINED_FLEX,9,50.655,69.04637409017218,8811.0,59
20260914_152131_483879,17,5,COMBINED_FLEX,10,47.79765,63.937187731397756,9575.0,66
20260914_152131_483879,17,5,COMBINED_FLEX,11,69.3494,91.96263589088778,13309.0,68
20260914_152131_483879,17,5,COMBINED_FLEX,12,60.63965,87.72679735975775,10784.0,59
20260914_152131_483879,17,5,COMBINED_FLEX,13,57.203199999999995,81.19940255322079,10853.0,54
20260914_152131_483879,17,5,COMBINED_FLEX,14,41.3666,52.881008878424396,7203.0,56
20260914_152131_483879,18,5,FIST,0,13.481799999999998,17.938559027971003,1944.0,41
20260914_152131_483879,18,5,FIST,1,12.9192,16.588067247271454,1552.0,28
20260914_152131_483879,18,5,FIST,2,10.450249999999999,15.50116044043155,1648.0,35
20260914_152131_483879,18,5,FIST,3,15.556400000000004,19.69977093775458,2238.0,45
20260914_152131_483879,18,5,FIST,4,10.46325,12.860084564263175,1431.0,29
20260914_152131_483879,18,5,FIST,5,13.474450000000001,16.414748703528787,1598.0,24
20260914_152131_483879,18,5,FIST,6,11.321350000000002,14.483368910581543,1513.0,41
20260914_152131_483879,18,5,FIST,7,10.05749999999999,12.740265892044798,1412.0,42
20260914_152131_483879,18,5,FIST,8,15.096149999999998,20.36879905639996,1989.0,34
20260914_152131_483879,18,5,FIST,9,11.492000000000008,14.414489238263005,1635.0,44
20260914_152131_483879,18,5,FIST,10,11.512600000000003,15.1503498309445,1698.0,48
20260914_152131_483879,18,5,FIST,11,13.874649999999999,17.516734141956942,1860.0,42
20260914_152131_483879,18,5,FIST,12,15.393600000000001,19.008671705303346,1848.0,33
20260914_152131_483879,18,5,FIST,13,12.954499999999998,17.08827009969119,1776.0,37
20260914_152131_483879,18,5,FIST,14,14.70789999999999,19.813659429797415,1790.0,32
20260914_152131_483879,19,5,PALM_DOWN,0,28.8609,36.83804962263882,3630.0,38
20260914_152131_483879,19,5,PALM_DOWN,1,31.718400000000003,44.09568686390995,4102.0,37
20260914_152131_483879,19,5,PALM_DOWN,2,26.1932,33.39317894420955,3611.0,44
20260914_152131_483879,19,5,PALM_DOWN,3,24.503599999999995,32.636568447065635,3387.0,41
20260914_152131_483879,19,5,PALM_DOWN,4,33.69095,45.223013776173744,4593.0,44
20260914_152131_483879,19,5,PALM_DOWN,5,27.160599999999995,34.22567712989767,3303.0,39
20260914_152131_483879,19,5,PALM_DOWN,6,24.389400000000006,30.999386687481415,3477.0,46
20260914_152131_483879,19,5,PALM_DOWN,7,19.188,23.758577398489162,2787.0,43
20260914_152131_483879,19,5,PALM_DOWN,8,21.246750000000002,27.711581964947435,2610.0,36
20260914_152131_483879,19,5,PALM_DOWN,9,32.44685,40.9544622110949,4152.0,46
20260914_152131_483879,19,5,PALM_DOWN,10,20.717750000000002,27.150679089113037,2828.0,39
20260914_152131_483879,19,5,PALM_DOWN,11,27.2308,34.714123926724696,3337.0,36
20260914_152131_483879,19,5,PALM_DOWN,12,24.576849999999993,36.37125204058832,3407.0,44
20260914_152131_483879,19,5,PALM_DOWN,13,19.23995,24.371248942144923,2757.0,45
20260914_152131_483879,19,5,PALM_DOWN,14,21.410200000000003,32.36511663813372,3087.0,44
20260914_152131_483879,20,5,OPEN_HAND,0,8.4466,10.558143776251582,1223.0,42
20260914_152131_483879,20,5,OPEN_HAND,1,8.7871,11.594350995204518,1411.0,39
20260914_152131_483879,20,5,OPEN_HAND,2,8.999949999999998,11.096746144703861,1344.0,35
20260914_152131_483879,20,5,OPEN_HAND,3,8.361999999999998,10.520437253270417,1396.0,46
20260914_152131_483879,20,5,OPEN_HAND,4,10.152999999999993,12.974181091691298,1611.0,34
20260914_152131_483879,20,5,OPEN_HAND,5,8.2194,10.01297158689667,1265.0,42
20260914_152131_483879,20,5,OPEN_HAND,6,8.330700000000013,10.238061339921734,1262.0,42
20260914_152131_483879,20,5,OPEN_HAND,7,9.740300000000001,12.00790468816271,1434.0,33
20260914_152131_483879,20,5,OPEN_HAND,8,9.930150000000001,12.629322032476644,1500.0,40
20260914_152131_483879,20,5,OPEN_HAND,9,9.56535,12.667121811998177,1690.0,44
20260914_152131_483879,20,5,OPEN_HAND,10,9.227999999999993,11.692031474470124,1570.0,45
20260914_152131_483879,20,5,OPEN_HAND,11,9.213500000000012,11.84607002342971,1568.0,48
20260914_152131_483879,20,5,OPEN_HAND,12,9.227000000000007,11.705100384020634,1514.0,45
20260914_152131_483879,20,5,OPEN_HAND,13,8.2547,10.245442889402097,1315.0,42
20260914_152131_483879,20,5,OPEN_HAND,14,8.677100000000001,11.196691475610105,1534.0,48
20260914_152131_483879,21,6,COMBINED_FLEX,0,26.183999999999997,33.920559768376464,5081.0,60
20260914_152131_483879,21,6,COMBINED_FLEX,1,27.960900000000002,34.47867601866406,4876.0,58
20260914_152131_483879,21,6,COMBINED_FLEX,2,25.8298,33.94244982319337,4618.0,59
20260914_152131_483879,21,6,COMBINED_FLEX,3,33.789849999999994,43.32274200694135,6225.0,60
20260914_152131_483879,21,6,COMBINED_FLEX,4,45.81735,58.82635442554638,8801.0,65
20260914_152131_483879,21,6,COMBINED_FLEX,5,42.9725,54.3820685060802,7382.0,55
20260914_152131_483879,21,6,COMBINED_FLEX,6,29.98325000000001,38.87093740830031,5695.0,62
20260914_152131_483879,21,6,COMBINED_FLEX,7,35.8,46.35838651204332,5793.0,49
20260914_152131_483879,21,6,COMBINED_FLEX,8,33.96,41.78072641781136,6209.0,58
20260914_152131_483879,21,6,COMBINED_FLEX,9,35.62265,44.876162659033135,6175.0,52
20260914_152131_483879,21,6,COMBINED_FLEX,10,40.26780000000001,50.06029963953472,6487.0,55
20260914_152131_483879,21,6,COMBINED_FLEX,11,65.576,86.2828279555092,10301.0,51
20260914_152131_483879,21,6,COMBINED_FLEX,12,53.815,68.11519635881555,9677.0,61
20260914_152131_483879,21,6,COMBINED_FLEX,13,52.01745,68.50193409678299,9122.0,60
20260914_152131_483879,21,6,COMBINED_FLEX,14,63.776399999999995,84.98711431740696,10986.0,62
20260914_152131_483879,22,6,OPEN_HAND,0,8.423999999999985,10.507635319138174,1337.0,38
20260914_152131_483879,22,6,OPEN_HAND,1,7.885150000000003,9.666063055867161,1050.0,25
20260914_152131_483879,22,6,OPEN_HAND,2,8.362399999999997,10.436185845413064,1107.0,31
20260914_152131_483879,22,6,OPEN_HAND,3,8.975500000000011,12.238258658812535,1287.0,22
20260914_152131_483879,22,6,OPEN_HAND,4,7.778499999999999,9.566962684154255,1114.0,24
20260914_152131_483879,22,6,OPEN_HAND,5,7.71099999999999,9.473536826338936,1171.0,24
20260914_152131_483879,22,6,OPEN_HAND,6,7.58,9.219951192929384,1145.0,38
20260914_152131_483879,22,6,OPEN_HAND,7,8.4043,10.744811538598524,1316.0,31
20260914_152131_483879,22,6,OPEN_HAND,8,7.827000000000003,9.845257741674414,1080.0,20
20260914_152131_483879,22,6,OPEN_HAND,9,7.931199999999999,9.479578049681326,1133.0,31
20260914_152131_483879,22,6,OPEN_HAND,10,8.276449999999993,10.12248857742008,1313.0,35
20260914_152131_483879,22,6,OPEN_HAND,11,8.6608,11.15391859392922,1355.0,33
20260914_152131_483879,22,6,OPEN_HAND,12,8.164600000000005,10.034261308138232,1139.0,20
20260914_152131_483879,22,6,OPEN_HAND,13,9.241750000000003,11.84899890286095,1391.0,37
20260914_152131_483879,22,6,OPEN_HAND,14,9.531100000000002,13.392608969129203,1516.0,32
20260914_152131_483879,23,6,FIST,0,12.051449999999997,14.446486597093426,1600.0,36
20260914_152131_483879,23,6,FIST,1,12.598000000000003,16.376030501925673,2140.0,51
20260914_152131_483879,23,6,FIST,2,13.367349999999998,19.154105956687197,1854.0,38
20260914_152131_483879,23,6,FIST,3,15.783000000000005,21.855305991909606,2564.0,45
20260914_152131_483879,23,6,FIST,4,15.795,19.63604784573515,2122.0,39
20260914_152131_483879,23,6,FIST,5,15.141999999999998,19.310618840420418,2277.0,43
20260914_152131_483879,23,6,FIST,6,15.59,19.290285119717645,2247.0,45
20260914_152131_483879,23,6,FIST,7,13.707200000000002,16.62940092125991,1782.0,38
20260914_152131_483879,23,6,FIST,8,15.414899999999998,19.16901405915286,2144.0,41
20260914_152131_483879,23,6,FIST,9,13.028750000000004,16.1956591406463,1761.0,46
20260914_152131_483879,23,6,FIST,10,12.595300000000002,15.95179535350175,1793.0,39
20260914_152131_483879,23,6,FIST,11,15.560299999999998,21.00037856801634,2111.0,33
20260914_152131_483879,23,6,FIST,12,15.507200000000001,20.328590703735465,2530.0,46
20260914_152131_483879,23,6,FIST,13,14.385,18.351320797152447,2149.0,48
20260914_152131_483879,23,6,FIST,14,14.193599999999996,18.013988314640375,2175.0,45
20260914_152131_483879,24,6,PALM_DOWN,0,15.931199999999999,20.7359374034549,2229.0,41
20260914_152131_483879,24,6,PALM_DOWN,1,17.226799999999997,22.69701301933803,2542.0,40
20260914_152131_483879,24,6,PALM_DOWN,2,16.7615,27.299763735241374,2984.0,46
20260914_152131_483879,24,6,PALM_DOWN,3,14.503800000000002,20.92639242678967,2471.0,55
20260914_152131_483879,24,6,PALM_DOWN,4,16.056750000000008,22.47185739986795,2319.0,45
20260914_152131_483879,24,6,PALM_DOWN,5,12.075199999999993,18.430420505240786,2375.0,50
20260914_152131_483879,24,6,PALM_DOWN,6,16.469649999999998,22.04731219446035,2512.0,42
20260914_152131_483879,24,6,PALM_DOWN,7,17.053449999999994,21.929044096813705,2647.0,41
20260914_152131_483879,24,6,PALM_DOWN,8,15.7425,19.20618389998388,2116.0,36
20260914_152131_483879,24,6,PALM_DOWN,9,13.560900000000002,16.250322304495995,1826.0,37
20260914_152131_483879,24,6,PALM_DOWN,10,15.0957,18.642660083797054,2144.0,40
20260914_152131_483879,24,6,PALM_DOWN,11,14.781749999999997,20.342919529900325,2623.0,54
20260914_152131_483879,24,6,PALM_DOWN,12,13.049599999999998,16.08513599569491,1651.0,37
20260914_152131_483879,24,6,PALM_DOWN,13,12.6965,19.212802372376604,2373.0,45
20260914_152131_483879,24,6,PALM_DOWN,14,12.2047,15.242371862672817,1775.0,40
20260914_152131_483879,25,7,PALM_DOWN,0,22.9544,28.6940690735908,2736.0,37
20260914_152131_483879,25,7,PALM_DOWN,1,21.674000000000007,27.18763689620707,2532.0,42
20260914_152131_483879,25,7,PALM_DOWN,2,19.5537,23.483311095328954,2335.0,33
20260914_152131_483879,25,7,PALM_DOWN,3,17.404,21.43342249851852,2250.0,42
20260914_152131_483879,25,7,PALM_DOWN,4,22.440200000000004,27.96114759805112,2444.0,26
20260914_152131_483879,25,7,PALM_DOWN,5,21.70225,26.839224560333335,2584.0,31
20260914_152131_483879,25,7,PALM_DOWN,6,22.081449999999997,29.09432547765973,2894.0,45
20260914_152131_483879,25,7,PALM_DOWN,7,23.666000000000004,30.98979670794889,3382.0,52
20260914_152131_483879,25,7,PALM_DOWN,8,21.527199999999997,29.15270827899185,3011.0,46
20260914_152131_483879,25,7,PALM_DOWN,9,24.2628,30.51581721009614,3447.0,46
20260914_152131_483879,25,7,PALM_DOWN,10,23.197600000000012,28.942708926429123,3032.0,44
20260914_152131_483879,25,7,PALM_DOWN,11,21.098000000000003,27.03030706447857,3234.0,45
20260914_152131_483879,25,7,PALM_DOWN,12,19.631249999999998,25.692593777195793,3140.0,42
20260914_152131_483879,25,7,PALM_DOWN,13,25.55,31.907209216727182,3370.0,33
20260914_152131_483879,25,7,PALM_DOWN,14,23.734700000000004,30.607664072908275,3284.0,37
20260914_152131_483879,26,7,OPEN_HAND,0,8.455,11.959254784475494,1821.0,59
20260914_152131_483879,26,7,OPEN_HAND,1,8.19045000000001,11.870129527515696,1798.0,53
20260914_152131_483879,26,7,OPEN_HAND,2,7.82875,11.780678036513859,1545.0,54
20260914_152131_483879,26,7,OPEN_HAND,3,9.0632,18.7189102246899,2136.0,54
20260914_152131_483879,26,7,OPEN_HAND,4,7.730300000000007,9.85088701589862,1334.0,43
20260914_152131_483879,26,7,OPEN_HAND,5,7.674100000000001,10.05743008924248,1420.0,46
20260914_152131_483879,26,7,OPEN_HAND,6,9.170299999999997,15.686487815951663,2007.0,48
20260914_152131_483879,26,7,OPEN_HAND,7,8.02325,10.433330005324283,1493.0,47
20260914_152131_483879,26,7,OPEN_HAND,8,8.0831,11.200763366842459,1714.0,57
20260914_152131_483879,26,7,OPEN_HAND,9,7.125000000000004,10.181355508968341,1416.0,46
20260914_152131_483879,26,7,OPEN_HAND,10,8.639549999999996,11.366607893298685,1756.0,53
20260914_152131_483879,26,7,OPEN_HAND,11,8.489250000000002,11.627457804696606,1611.0,49
20260914_152131_483879,26,7,OPEN_HAND,12,8.742299999999995,10.971006107007689,1493.0,47
20260914_152131_483879,26,7,OPEN_HAND,13,9.560000000000004,12.434629065637624,1882.0,50
20260914_152131_483879,26,7,OPEN_HAND,14,7.102650000000003,8.708040824433473,1293.0,50
20260914_152131_483879,27,7,COMBINED_FLEX,0,47.757650000000005,70.45072728510331,8504.0,60
20260914_152131_483879,27,7,COMBINED_FLEX,1,40.782399999999996,55.94876138039161,7435.0,64
20260914_152131_483879,27,7,COMBINED_FLEX,2,32.355,42.69048488832143,5979.0,60
20260914_152131_483879,27,7,COMBINED_FLEX,3,44.6324,58.07890408745674,7894.0,56
20260914_152131_483879,27,7,COMBINED_FLEX,4,45.02295,57.80869117182986,8319.0,66
20260914_152131_483879,27,7,COMBINED_FLEX,5,37.04265,48.41053371942929,6818.0,60
20260914_152131_483879,27,7,COMBINED_FLEX,6,39.8566,52.2404479306983,6930.0,57
20260914_152131_483879,27,7,COMBINED_FLEX,7,36.3783,46.48541599254545,6376.0,58
20260914_152131_483879,27,7,COMBINED_FLEX,8,40.215650000000004,55.298560333882115,6715.0,59
20260914_152131_483879,27,7,COMBINED_FLEX,9,44.567299999999996,58.37282565543662,7071.0,51
20260914_152131_483879,27,7,COMBINED_FLEX,10,37.16479999999999,49.12029723037107,6700.0,54
20260914_152131_483879,27,7,COMBINED_FLEX,11,34.32724999999999,44.494235300766775,6414.0,59
20260914_152131_483879,27,7,COMBINED_FLEX,12,36.2,47.175523314532505,6168.0,51
20260914_152131_483879,27,7,COMBINED_FLEX,13,39.76,48.32139381267887,6907.0,56
20260914_152131_483879,27,7,COMBINED_FLEX,14,47.247600000000006,61.38435957147391,8606.0,57
20260914_152131_483879,28,7,FIST,0,18.2536,23.864207508316717,2942.0,53
20260914_152131_483879,28,7,FIST,1,17.0961,23.2453645916772,2420.0,36
20260914_152131_483879,28,7,FIST,2,20.395,28.78623803139271,3143.0,52
20260914_152131_483879,28,7,FIST,3,18.9403,23.364012925865282,2901.0,42
20260914_152131_483879,28,7,FIST,4,15.588349999999998,21.144667767548395,2228.0,43
20260914_152131_483879,28,7,FIST,5,17.53790000000001,22.24180523248956,2494.0,44
20260914_152131_483879,28,7,FIST,6,18.597749999999998,24.83836498242185,2286.0,34
20260914_152131_483879,28,7,FIST,7,19.894000000000005,26.439092268835555,2380.0,35
20260914_152131_483879,28,7,FIST,8,20.371500000000005,25.81047800797188,2547.0,38
20260914_152131_483879,28,7,FIST,9,22.15,27.911223548959654,2716.0,39
20260914_152131_483879,28,7,FIST,10,19.139799999999994,27.39645551891704,2796.0,42
20260914_152131_483879,28,7,FIST,11,16.532800000000005,21.137689088450518,2470.0,50
20260914_152131_483879,28,7,FIST,12,17.1116,22.012403321763845,2529.0,52
20260914_152131_483879,28,7,FIST,13,19.035999999999998,27.534153337264613,2338.0,39
20260914_152131_483879,28,7,FIST,14,18.5059,25.73544200125578,2922.0,54
20260914_152131_483879,29,8,OPEN_HAND,0,8.963500000000009,10.6657758742625,1221.0,34
20260914_152131_483879,29,8,OPEN_HAND,1,8.711699999999997,10.352631308029858,1295.0,34
20260914_152131_483879,29,8,OPEN_HAND,2,10.325600000000014,16.254017964798734,2090.0,50
20260914_152131_483879,29,8,OPEN_HAND,3,11.780499999999996,22.075990917736853,2527.0,47
20260914_152131_483879,29,8,OPEN_HAND,4,10.26150000000001,18.422201279977376,1974.0,45
20260914_152131_483879,29,8,OPEN_HAND,5,9.193300000000004,13.166509598219262,1853.0,54
20260914_152131_483879,29,8,OPEN_HAND,6,9.543700000000001,12.981521482476545,1664.0,40
20260914_152131_483879,29,8,OPEN_HAND,7,10.388150000000007,16.714478005609386,2157.0,54
20260914_152131_483879,29,8,OPEN_HAND,8,10.222000000000003,14.429137188342205,1878.0,51
20260914_152131_483879,29,8,OPEN_HAND,9,10.579500000000005,16.978748481557762,2130.0,43
20260914_152131_483879,29,8,OPEN_HAND,10,12.685200000000004,24.34820270574401,3340.0,71
20260914_152131_483879,29,8,OPEN_HAND,11,12.292349999999999,18.905152075558664,2591.0,45
20260914_152131_483879,29,8,OPEN_HAND,12,10.547700000000004,18.190601281980758,2137.0,43
20260914_152131_483879,29,8,OPEN_HAND,13,9.341400000000004,13.40068654957648,1651.0,47
20260914_152131_483879,29,8,OPEN_HAND,14,9.102000000000002,12.2155638429014,1426.0,39
20260914_152131_483879,30,8,FIST,0,19.477700000000006,25.13240885788706,2749.0,38
20260914_152131_483879,30,8,FIST,1,18.09,22.82893777642753,2725.0,45
20260914_152131_483879,30,8,FIST,2,18.62925000000001,24.71860382384086,2742.0,41
20260914_152131_483879,30,8,FIST,3,19.6954,24.98873946400658,2583.0,39
20260914_152131_483879,30,8,FIST,4,14.48555,18.60018212276428,2307.0,55
20260914_152131_483879,30,8,FIST,5,17.614500000000003,22.428720427166592,2603.0,42
20260914_152131_483879,30,8,FIST,6,20.368849999999995,26.411095679657063,3217.0,48
20260914_152131_483879,30,8,FIST,7,16.746500000000005,21.53426049345554,2510.0,42
20260914_152131_483879,30,8,FIST,8,15.472400000000007,21.44664076259963,2190.0,42
20260914_152131_483879,30,8,FIST,9,15.94755,22.580561884063027,2412.0,43
20260914_152131_483879,30,8,FIST,10,13.528499999999998,17.053958484762415,1980.0,40
20260914_152131_483879,30,8,FIST,11,19.9454,27.137190348302457,2374.0,29
20260914_152131_483879,30,8,FIST,12,20.645999999999994,29.071745733615654,2762.0,42
20260914_152131_483879,30,8,FIST,13,18.9764,24.50305287101997,2382.0,34
20260914_152131_483879,30,8,FIST,14,12.516999999999998,15.824269335422725,1866.0,36
20260914_152131_483879,31,8,PALM_DOWN,0,25.1245,33.664632776847576,3166.0,32
20260914_152131_483879,31,8,PALM_DOWN,1,24.78894999999999,32.44388655817919,2977.0,31
20260914_152131_483879,31,8,PALM_DOWN,2,24.795,31.69407476169639,2778.0,29
20260914_152131_483879,31,8,PALM_DOWN,3,18.18400000000001,23.705788322686086,2392.0,40
20260914_152131_483879,31,8,PALM_DOWN,4,23.5788,28.712930884881814,3053.0,34
20260914_152131_483879,31,8,PALM_DOWN,5,20.260399999999994,24.89004620325161,2661.0,41
20260914_152131_483879,31,8,PALM_DOWN,6,20.563999999999997,32.03890759685792,2980.0,41
20260914_152131_483879,31,8,PALM_DOWN,7,21.585199999999997,27.393327654741036,2989.0,38
20260914_152131_483879,31,8,PALM_DOWN,8,21.879800000000003,28.739944328408153,3295.0,36
20260914_152131_483879,31,8,PALM_DOWN,9,17.194249999999997,22.189429352734603,2766.0,41
20260914_152131_483879,31,8,PALM_DOWN,10,24.413500000000003,34.7930668380929,2783.0,29
20260914_152131_483879,31,8,PALM_DOWN,11,20.7792,26.678905056242467,2330.0,30
20260914_152131_483879,31,8,PALM_DOWN,12,20.116350000000004,25.507684626402295,2937.0,42
20260914_152131_483879,31,8,PALM_DOWN,13,20.308299999999996,29.130360450911002,2599.0,36
20260914_152131_483879,31,8,PALM_DOWN,14,30.16,39.69090449964576,3878.0,38
20260914_152131_483879,32,8,COMBINED_FLEX,0,21.768800000000002,28.681032059533702,4455.0,69
20260914_152131_483879,32,8,COMBINED_FLEX,1,23.08129999999999,30.607925444237477,4659.0,62
20260914_152131_483879,32,8,COMBINED_FLEX,2,20.505150000000004,28.613367068557313,4036.0,55
20260914_152131_483879,32,8,COMBINED_FLEX,3,22.900599999999994,30.282700919832102,4429.0,60
20260914_152131_483879,32,8,COMBINED_FLEX,4,21.075599999999994,28.512586694300467,3807.0,57
20260914_152131_483879,32,8,COMBINED_FLEX,5,23.4425,30.097632797281584,4050.0,48
20260914_152131_483879,32,8,COMBINED_FLEX,6,28.915599999999994,37.91985100181698,4982.0,49
20260914_152131_483879,32,8,COMBINED_FLEX,7,34.39425,45.85604404001723,5864.0,55
20260914_152131_483879,32,8,COMBINED_FLEX,8,42.510799999999996,57.00810117869214,6638.0,55
20260914_152131_483879,32,8,COMBINED_FLEX,9,33.22715,41.17901134073036,6279.0,56
20260914_152131_483879,32,8,COMBINED_FLEX,10,28.71265,35.82958240058067,5256.0,61
20260914_152131_483879,32,8,COMBINED_FLEX,11,46.198,60.18886940290538,7658.0,49
20260914_152131_483879,32,8,COMBINED_FLEX,12,36.7008,49.268249410751345,6254.0,59
20260914_152131_483879,32,8,COMBINED_FLEX,13,34.3,43.37666538589614,5675.0,54
20260914_152131_483879,32,8,COMBINED_FLEX,14,34.5582,43.008858389871264,5893.0,50
20260914_152131_483879,33,9,COMBINED_FLEX,0,48.3144,65.84525723239298,9475.0,69
20260914_152131_483879,33,9,COMBINED_FLEX,1,64.8005,83.33923145793942,10509.0,54
20260914_152131_483879,33,9,COMBINED_FLEX,2,54.0512,69.7835195443738,9669.0,60
20260914_152131_483879,33,9,COMBINED_FLEX,3,59.95865,81.7542474431757,10447.0,53
20260914_152131_483879,33,9,COMBINED_FLEX,4,52.604400000000005,68.39228319043019,9406.0,48
20260914_152131_483879,33,9,COMBINED_FLEX,5,63.532250000000005,84.73845629346808,10339.0,52
20260914_152131_483879,33,9,COMBINED_FLEX,6,53.116200000000006,69.92681728063991,8976.0,58
20260914_152131_483879,33,9,COMBINED_FLEX,7,42.134499999999996,55.72860576041715,7181.0,53
20260914_152131_483879,33,9,COMBINED_FLEX,8,47.228199999999994,60.77785451955342,8668.0,50
20260914_152131_483879,33,9,COMBINED_FLEX,9,37.80580000000002,50.46870292567464,6838.0,51
20260914_152131_483879,33,9,COMBINED_FLEX,10,33.919300000000014,43.3270481339313,5093.0,54
20260914_152131_483879,33,9,COMBINED_FLEX,11,37.6509,48.55381524659005,6383.0,50
20260914_152131_483879,33,9,COMBINED_FLEX,12,33.23325,42.2600020705158,5372.0,49
20260914_152131_483879,33,9,COMBINED_FLEX,13,63.96885,88.32113549428585,9917.0,51
20260914_152131_483879,33,9,COMBINED_FLEX,14,44.0633,60.724798064711585,7838.0,57
20260914_152131_483879,34,9,PALM_DOWN,0,29.426500000000004,38.18315204380068,3568.0,40
20260914_152131_483879,34,9,PALM_DOWN,1,30.203999999999997,38.85179017754523,4481.0,43
20260914_152131_483879,34,9,PALM_DOWN,2,25.1346,31.56829263675817,3573.0,39
20260914_152131_483879,34,9,PALM_DOWN,3,26.16,33.13350834125478,3102.0,34
20260914_152131_483879,34,9,PALM_DOWN,4,27.6201,34.295480387363,3944.0,46
20260914_152131_483879,34,9,PALM_DOWN,5,29.904500000000002,38.12786251548859,3563.0,32
20260914_152131_483879,34,9,PALM_DOWN,6,20.401,25.660506620096186,2720.0,31
20260914_152131_483879,34,9,PALM_DOWN,7,20.76,27.309981691681887,2797.0,42
20260914_152131_483879,34,9,PALM_DOWN,8,16.37125,21.731299431925372,2494.0,43
20260914_152131_483879,34,9,PALM_DOWN,9,25.6898,34.66655304468559,3759.0,40
20260914_152131_483879,34,9,PALM_DOWN,10,19.42680000000001,27.91805688080745,3530.0,48
20260914_152131_483879,34,9,PALM_DOWN,11,17.4277,21.50621073085633,2170.0,32
20260914_152131_483879,34,9,PALM_DOWN,12,17.065899999999992,20.71383836955382,2171.0,35
20260914_152131_483879,34,9,PALM_DOWN,13,19.242399999999996,28.526626158731073,2478.0,30
20260914_152131_483879,34,9,PALM_DOWN,14,16.865600000000004,20.151374642936894,2073.0,34
20260914_152131_483879,35,9,FIST,0,10.455099999999995,14.29717104884739,1726.0,36
20260914_152131_483879,35,9,FIST,1,12.705599999999999,16.835450691917934,1750.0,32
20260914_152131_483879,35,9,FIST,2,10.373999999999999,13.203090547292327,1378.0,34
20260914_152131_483879,35,9,FIST,3,11.1725,14.465454538312994,1564.0,37
20260914_152131_483879,35,9,FIST,4,15.053999999999997,21.38942495720724,2265.0,41
20260914_152131_483879,35,9,FIST,5,12.20125,14.689600913571478,1813.0,42
20260914_152131_483879,35,9,FIST,6,10.8277,13.311540106238645,1601.0,45
20260914_152131_483879,35,9,FIST,7,10.2353,12.501963845732398,1342.0,33
20260914_152131_483879,35,9,FIST,8,10.7851,14.218997854982607,1762.0,40
20260914_152131_483879,35,9,FIST,9,13.9825,18.467792910903025,1891.0,36
20260914_152131_483879,35,9,FIST,10,16.6923,20.70342423368656,1970.0,30
20260914_152131_483879,35,9,FIST,11,10.98735,13.396632972504696,1421.0,27
20260914_152131_483879,35,9,FIST,12,10.202349999999997,13.272715434303564,1552.0,35
20260914_152131_483879,35,9,FIST,13,10.217399999999998,13.03134298527976,1582.0,46
20260914_152131_483879,35,9,FIST,14,9.473599999999998,11.829048989669458,1481.0,36
20260914_152131_483879,36,9,OPEN_HAND,0,10.630799999999999,14.740881927483173,1669.0,33
20260914_152131_483879,36,9,OPEN_HAND,1,9.548300000000005,11.397454759725962,1267.0,25
20260914_152131_483879,36,9,OPEN_HAND,2,9.435600000000004,11.328714622586272,1269.0,31
20260914_152131_483879,36,9,OPEN_HAND,3,8.265,9.754870578331627,1134.0,35
20260914_152131_483879,36,9,OPEN_HAND,4,10.185200000000004,11.940397815818365,1380.0,27
20260914_152131_483879,36,9,OPEN_HAND,5,9.65715,12.187566410075474,1526.0,37
20260914_152131_483879,36,9,OPEN_HAND,6,9.175,10.944897212856775,1457.0,38
20260914_152131_483879,36,9,OPEN_HAND,7,9.821500000000006,11.742843565337997,1369.0,38
20260914_152131_483879,36,9,OPEN_HAND,8,11.154799999999996,18.898941107903372,2143.0,45
20260914_152131_483879,36,9,OPEN_HAND,9,9.485,11.10244905415017,1190.0,29
20260914_152131_483879,36,9,OPEN_HAND,10,8.95475,10.444107190181457,1250.0,28
20260914_152131_483879,36,9,OPEN_HAND,11,9.131200000000009,10.82545149173927,1209.0,27
20260914_152131_483879,36,9,OPEN_HAND,12,10.0535,12.149794236940805,1488.0,32
20260914_152131_483879,36,9,OPEN_HAND,13,9.485,12.826409279295591,1489.0,34
20260914_152131_483879,36,9,OPEN_HAND,14,10.686750000000004,13.322701490313442,1495.0,36
20260914_152131_483879,37,10,OPEN_HAND,0,7.955,9.816912702066775,1120.0,35
20260914_152131_483879,37,10,OPEN_HAND,1,7.770250000000003,9.404359361487629,1253.0,42
20260914_152131_483879,37,10,OPEN_HAND,2,8.3763,9.80285162593008,1351.0,44
20260914_152131_483879,37,10,OPEN_HAND,3,8.629699999999998,12.032446758660518,1519.0,47
20260914_152131_483879,37,10,OPEN_HAND,4,8.984000000000002,11.89915963419266,1566.0,40
20260914_152131_483879,37,10,OPEN_HAND,5,8.951199999999998,12.362103380897604,1752.0,40
20260914_152131_483879,37,10,OPEN_HAND,6,8.961199999999998,11.348409580201094,1698.0,54
20260914_152131_483879,37,10,OPEN_HAND,7,8.000499999999999,9.611841654958742,1290.0,40
20260914_152131_483879,37,10,OPEN_HAND,8,9.581050000000003,16.188538383683685,1858.0,40
20260914_152131_483879,37,10,OPEN_HAND,9,9.505,13.372164185351599,1512.0,33
20260914_152131_483879,37,10,OPEN_HAND,10,8.470249999999991,12.950651528012019,1410.0,38
20260914_152131_483879,37,10,OPEN_HAND,11,8.4604,10.191643635842063,1278.0,38
20260914_152131_483879,37,10,OPEN_HAND,12,9.1494,12.573348798152384,1801.0,43
20260914_152131_483879,37,10,OPEN_HAND,13,9.519549999999999,12.202375793262556,1519.0,41
20260914_152131_483879,37,10,OPEN_HAND,14,8.808599999999997,11.157311504121411,1489.0,45
20260914_152131_483879,38,10,FIST,0,18.3825,25.055687976984387,2136.0,29
20260914_152131_483879,38,10,FIST,1,13.3,16.428937884111683,1559.0,35
20260914_152131_483879,38,10,FIST,2,10.277999999999993,12.228245990329112,1245.0,33
20260914_152131_483879,38,10,FIST,3,10.539050000000007,17.158757967871683,1700.0,26
20260914_152131_483879,38,10,FIST,4,9.086149999999991,11.167800813051779,1321.0,40
20260914_152131_483879,38,10,FIST,5,8.613999999999997,10.779030568655049,1309.0,37
20260914_152131_483879,38,10,FIST,6,9.842399999999998,12.240469762227265,1439.0,40
20260914_152131_483879,38,10,FIST,7,10.495499999999993,13.668137217631378,1468.0,39
20260914_152131_483879,38,10,FIST,8,8.748450000000021,11.705766741226308,1538.0,43
20260914_152131_483879,38,10,FIST,9,9.886500000000003,13.181331495717723,1478.0,45
20260914_152131_483879,38,10,FIST,10,10.755,13.35344056788362,1337.0,36
20260914_152131_483879,38,10,FIST,11,9.5645,12.027048682033344,1487.0,45
20260914_152131_483879,38,10,FIST,12,11.207000000000003,14.585485936368388,1652.0,36
20260914_152131_483879,38,10,FIST,13,10.185799999999999,12.719901729180142,1496.0,37
20260914_152131_483879,38,10,FIST,14,8.2565,11.719077395426655,1529.0,56
20260914_152131_483879,39,10,PALM_DOWN,0,27.90700000000001,37.48706443561565,3803.0,39
20260914_152131_483879,39,10,PALM_DOWN,1,21.035,29.26178352390708,3182.0,42
20260914_152131_483879,39,10,PALM_DOWN,2,21.432000000000002,29.76905104298758,3028.0,39
20260914_152131_483879,39,10,PALM_DOWN,3,18.9619,24.308786477321323,3044.0,54
20260914_152131_483879,39,10,PALM_DOWN,4,17.5408,23.7251759740576,2483.0,38
20260914_152131_483879,39,10,PALM_DOWN,5,18.5732,26.076648557665536,2579.0,39
20260914_152131_483879,39,10,PALM_DOWN,6,13.756000000000007,18.530364270569535,2164.0,40
20260914_152131_483879,39,10,PALM_DOWN,7,14.056499999999996,18.382358390587427,1770.0,34
20260914_152131_483879,39,10,PALM_DOWN,8,11.316500000000005,14.722458184691849,1456.0,29
20260914_152131_483879,39,10,PALM_DOWN,9,13.683150000000001,18.884357945135438,1705.0,29
20260914_152131_483879,39,10,PALM_DOWN,10,10.309950000000006,12.82180856977673,1577.0,41
20260914_152131_483879,39,10,PALM_DOWN,11,13.24650000000001,18.038424958959137,1795.0,38
20260914_152131_483879,39,10,PALM_DOWN,12,14.898250000000004,22.392069466666094,3052.0,46
20260914_152131_483879,39,10,PALM_DOWN,13,14.452749999999996,17.842728911240005,2312.0,49
20260914_152131_483879,39,10,PALM_DOWN,14,11.884799999999995,14.811333498372116,1641.0,26
20260914_152131_483879,40,10,COMBINED_FLEX,0,46.939099999999996,61.12739136426484,9617.0,60
20260914_152131_483879,40,10,COMBINED_FLEX,1,59.2874,74.92571721378448,12274.0,73
20260914_152131_483879,40,10,COMBINED_FLEX,2,51.39225,69.27134598807793,10522.0,67
20260914_152131_483879,40,10,COMBINED_FLEX,3,53.482200000000006,73.31185715830694,9696.0,60
20260914_152131_483879,40,10,COMBINED_FLEX,4,61.9442,78.82355992975704,12265.0,62
20260914_152131_483879,40,10,COMBINED_FLEX,5,57.51099999999999,72.75678662502901,9852.0,50
20260914_152131_483879,40,10,COMBINED_FLEX,6,47.2144,62.34114131133629,7951.0,56
20260914_152131_483879,40,10,COMBINED_FLEX,7,33.356,43.26815919356866,5641.0,49
20260914_152131_483879,40,10,COMBINED_FLEX,8,17.462699999999998,26.90691175144409,3242.0,54
20260914_152131_483879,40,10,COMBINED_FLEX,9,39.6454,54.702116960863584,6686.0,45
20260914_152131_483879,40,10,COMBINED_FLEX,10,58.1567,75.84807907916984,10820.0,56
20260914_152131_483879,40,10,COMBINED_FLEX,11,33.574799999999996,42.39829713561619,6429.0,67
20260914_152131_483879,40,10,COMBINED_FLEX,12,38.70385,55.14551636352678,6614.0,59
20260914_152131_483879,40,10,COMBINED_FLEX,13,37.629999999999995,50.62854925829892,7091.0,58
20260914_152131_483879,40,10,COMBINED_FLEX,14,46.9555,61.15653603663308,8385.0,58
